blue_fairy_thumbnail_150x200.jpg,https://d1ngei8bv9kmtc.cloudfront.net/blue_fairy_thumbnail_150x200.jpg
blue_fairy.png,https://d1ngei8bv9kmtc.cloudfront.net/blue_fairy.png
dragons_thumbnail_150x200.jpg,https://d1ngei8bv9kmtc.cloudfront.net/dragons_thumbnail_150x200.jpg
dragons.png,https://d1ngei8bv9kmtc.cloudfront.net/dragons.png
magic_thumbnail_150x200.jpg,https://d1ngei8bv9kmtc.cloudfront.net/magic_thumbnail_150x200.jpg
magic.png,https://d1ngei8bv9kmtc.cloudfront.net/magic.png
music_thumbnail_150x200.jpg,https://d1ngei8bv9kmtc.cloudfront.net/music_thumbnail_150x200.jpg
music.png,https://d1ngei8bv9kmtc.cloudfront.net/music.png
pink_princess_thumbnail_150x200.jpg,https://d1ngei8bv9kmtc.cloudfront.net/pink_princess_thumbnail_150x200.jpg
pink_princess.png,https://d1ngei8bv9kmtc.cloudfront.net/pink_princess.png
science_thumbnail_150x200.jpg,https://d1ngei8bv9kmtc.cloudfront.net/science_thumbnail_150x200.jpg
science.png,https://d1ngei8bv9kmtc.cloudfront.net/science.png
tea_party_thumbnail_150x200.jpg,https://d1ngei8bv9kmtc.cloudfront.net/tea_party_thumbnail_150x200.jpg
tea_party.png,https://d1ngei8bv9kmtc.cloudfront.net/tea_party.png
tea_party2_thumbnail_150x200.jpg,https://d1ngei8bv9kmtc.cloudfront.net/tea_party2_thumbnail_150x200.jpg
tea_party2.png,https://d1ngei8bv9kmtc.cloudfront.net/tea_party2.png
transformers_thumbnail_150x200.jpg,https://d1ngei8bv9kmtc.cloudfront.net/transformers_thumbnail_150x200.jpg
transformers.png,https://d1ngei8bv9kmtc.cloudfront.net/transformers.png
basketball_thumbnail_150x200.jpg,https://d1ngei8bv9kmtc.cloudfront.net/basketball_thumbnail_150x200.jpg
basketball.png,https://d1ngei8bv9kmtc.cloudfront.net/basketball.png
basketball2_thumbnail_150x200.jpg,https://d1ngei8bv9kmtc.cloudfront.net/basketball2_thumbnail_150x200.jpg
basketball2.png,https://d1ngei8bv9kmtc.cloudfront.net/basketball2.png
bike_ride_thumbnail_150x200.jpg,https://d1ngei8bv9kmtc.cloudfront.net/bike_ride_thumbnail_150x200.jpg
bike_ride.png,https://d1ngei8bv9kmtc.cloudfront.net/bike_ride.png
bike_ride2_thumbnail_150x200.jpg,https://d1ngei8bv9kmtc.cloudfront.net/bike_ride2_thumbnail_150x200.jpg
bike_ride2.png,https://d1ngei8bv9kmtc.cloudfront.net/bike_ride2.png
boardgames_thumbnail_150x200.jpg,https://d1ngei8bv9kmtc.cloudfront.net/boardgames_thumbnail_150x200.jpg
boardgames.png,https://d1ngei8bv9kmtc.cloudfront.net/boardgames.png
camping_thumbnail_150x200.jpg,https://d1ngei8bv9kmtc.cloudfront.net/camping_thumbnail_150x200.jpg
camping.png,https://d1ngei8bv9kmtc.cloudfront.net/camping.png
camping2_thumbnail_150x200.jpg,https://d1ngei8bv9kmtc.cloudfront.net/camping2_thumbnail_150x200.jpg
camping2.png,https://d1ngei8bv9kmtc.cloudfront.net/camping2.png
crafting_thumbnail_150x200.jpg,https://d1ngei8bv9kmtc.cloudfront.net/crafting_thumbnail_150x200.jpg
crafting.png,https://d1ngei8bv9kmtc.cloudfront.net/crafting.png
d_n_d_2_thumbnail_150x200.jpg,https://d1ngei8bv9kmtc.cloudfront.net/d_n_d_2_thumbnail_150x200.jpg
d_n_d_2.png,https://d1ngei8bv9kmtc.cloudfront.net/d_n_d_2.png
d_n_d_thumbnail_150x200.jpg,https://d1ngei8bv9kmtc.cloudfront.net/d_n_d_thumbnail_150x200.jpg
d_n_d.png,https://d1ngei8bv9kmtc.cloudfront.net/d_n_d.png
painting_thumbnail_150x200.jpg,https://d1ngei8bv9kmtc.cloudfront.net/painting_thumbnail_150x200.jpg
painting.png,https://d1ngei8bv9kmtc.cloudfront.net/painting.png
soccer_thumbnail_150x200.jpg,https://d1ngei8bv9kmtc.cloudfront.net/soccer_thumbnail_150x200.jpg
soccer.png,https://d1ngei8bv9kmtc.cloudfront.net/soccer.png
soccer2_thumbnail_150x200.jpg,https://d1ngei8bv9kmtc.cloudfront.net/soccer2_thumbnail_150x200.jpg
soccer2.png,https://d1ngei8bv9kmtc.cloudfront.net/soccer2.png
beach_party_thumbnail_150x200.jpg,https://d1ngei8bv9kmtc.cloudfront.net/beach_party_thumbnail_150x200.jpg
beach_party.png,https://d1ngei8bv9kmtc.cloudfront.net/beach_party.png
beach1_thumbnail_150x200.jpg,https://d1ngei8bv9kmtc.cloudfront.net/beach1_thumbnail_150x200.jpg
beach1.png,https://d1ngei8bv9kmtc.cloudfront.net/beach1.png
beach2_thumbnail_150x200.jpg,https://d1ngei8bv9kmtc.cloudfront.net/beach2_thumbnail_150x200.jpg
beach2.png,https://d1ngei8bv9kmtc.cloudfront.net/beach2.png
halloween_thumbnail_150x200.jpg,https://d1ngei8bv9kmtc.cloudfront.net/halloween_thumbnail_150x200.jpg
halloween.png,https://d1ngei8bv9kmtc.cloudfront.net/halloween.png
halloween2_thumbnail_150x200.jpg,https://d1ngei8bv9kmtc.cloudfront.net/halloween2_thumbnail_150x200.jpg
halloween2.png,https://d1ngei8bv9kmtc.cloudfront.net/halloween2.png
halloween3_thumbnail_150x200.jpg,https://d1ngei8bv9kmtc.cloudfront.net/halloween3_thumbnail_150x200.jpg
halloween3.png,https://d1ngei8bv9kmtc.cloudfront.net/halloween3.png
winter1_thumbnail_150x200.jpg,https://d1ngei8bv9kmtc.cloudfront.net/winter1_thumbnail_150x200.jpg
winter1.png,https://d1ngei8bv9kmtc.cloudfront.net/winter1.png
winter2_thumbnail_150x200.jpg,https://d1ngei8bv9kmtc.cloudfront.net/winter2_thumbnail_150x200.jpg
winter2.png,https://d1ngei8bv9kmtc.cloudfront.net/winter2.png
xmas_thumbnail_150x200.jpg,https://d1ngei8bv9kmtc.cloudfront.net/xmas_thumbnail_150x200.jpg
xmas.png,https://d1ngei8bv9kmtc.cloudfront.net/xmas.png
xmas2_thumbnail_150x200.jpg,https://d1ngei8bv9kmtc.cloudfront.net/xmas2_thumbnail_150x200.jpg
xmas2.png,https://d1ngei8bv9kmtc.cloudfront.net/xmas2.png
xmas3_thumbnail_150x200.jpg,https://d1ngei8bv9kmtc.cloudfront.net/xmas3_thumbnail_150x200.jpg
xmas3.png,https://d1ngei8bv9kmtc.cloudfront.net/xmas3.png